,index,impath,segpath
0,90,C:\Users\mcgoug01\OneDrive - CRUK Cambridge Institute\Python Scripts\kits21\kits21\data\case_00000\imaging.nii.gz,C:\Users\mcgoug01\OneDrive - CRUK Cambridge Institute\Python Scripts\kits21\kits21\data\case_00000\aggregated_MAJ_seg.nii.gz
1,91,C:\Users\mcgoug01\OneDrive - CRUK Cambridge Institute\Python Scripts\kits21\kits21\data\case_00000\imaging.nii.gz,C:\Users\mcgoug01\OneDrive - CRUK Cambridge Institute\Python Scripts\kits21\kits21\data\case_00000\aggregated_MAJ_seg.nii.gz
2,92,C:\Users\mcgoug01\OneDrive - CRUK Cambridge Institute\Python Scripts\kits21\kits21\data\case_00000\imaging.nii.gz,C:\Users\mcgoug01\OneDrive - CRUK Cambridge Institute\Python Scripts\kits21\kits21\data\case_00000\aggregated_MAJ_seg.nii.gz
3,93,C:\Users\mcgoug01\OneDrive - CRUK Cambridge Institute\Python Scripts\kits21\kits21\data\case_00000\imaging.nii.gz,C:\Users\mcgoug01\OneDrive - CRUK Cambridge Institute\Python Scripts\kits21\kits21\data\case_00000\aggregated_MAJ_seg.nii.gz
4,94,C:\Users\mcgoug01\OneDrive - CRUK Cambridge Institute\Python Scripts\kits21\kits21\data\case_00000\imaging.nii.gz,C:\Users\mcgoug01\OneDrive - CRUK Cambridge Institute\Python Scripts\kits21\kits21\data\case_00000\aggregated_MAJ_seg.nii.gz
5,95,C:\Users\mcgoug01\OneDrive - CRUK Cambridge Institute\Python Scripts\kits21\kits21\data\case_00000\imaging.nii.gz,C:\Users\mcgoug01\OneDrive - CRUK Cambridge Institute\Python Scripts\kits21\kits21\data\case_00000\aggregated_MAJ_seg.nii.gz
6,96,C:\Users\mcgoug01\OneDrive - CRUK Cambridge Institute\Python Scripts\kits21\kits21\data\case_00000\imaging.nii.gz,C:\Users\mcgoug01\OneDrive - CRUK Cambridge Institute\Python Scripts\kits21\kits21\data\case_00000\aggregated_MAJ_seg.nii.gz
7,97,C:\Users\mcgoug01\OneDrive - CRUK Cambridge Institute\Python Scripts\kits21\kits21\data\case_00000\imaging.nii.gz,C:\Users\mcgoug01\OneDrive - CRUK Cambridge Institute\Python Scripts\kits21\kits21\data\case_00000\aggregated_MAJ_seg.nii.gz
8,98,C:\Users\mcgoug01\OneDrive - CRUK Cambridge Institute\Python Scripts\kits21\kits21\data\case_00000\imaging.nii.gz,C:\Users\mcgoug01\OneDrive - CRUK Cambridge Institute\Python Scripts\kits21\kits21\data\case_00000\aggregated_MAJ_seg.nii.gz
9,99,C:\Users\mcgoug01\OneDrive - CRUK Cambridge Institute\Python Scripts\kits21\kits21\data\case_00000\imaging.nii.gz,C:\Users\mcgoug01\OneDrive - CRUK Cambridge Institute\Python Scripts\kits21\kits21\data\case_00000\aggregated_MAJ_seg.nii.gz
10,100,C:\Users\mcgoug01\OneDrive - CRUK Cambridge Institute\Python Scripts\kits21\kits21\data\case_00000\imaging.nii.gz,C:\Users\mcgoug01\OneDrive - CRUK Cambridge Institute\Python Scripts\kits21\kits21\data\case_00000\aggregated_MAJ_seg.nii.gz
11,101,C:\Users\mcgoug01\OneDrive - CRUK Cambridge Institute\Python Scripts\kits21\kits21\data\case_00000\imaging.nii.gz,C:\Users\mcgoug01\OneDrive - CRUK Cambridge Institute\Python Scripts\kits21\kits21\data\case_00000\aggregated_MAJ_seg.nii.gz
12,102,C:\Users\mcgoug01\OneDrive - CRUK Cambridge Institute\Python Scripts\kits21\kits21\data\case_00000\imaging.nii.gz,C:\Users\mcgoug01\OneDrive - CRUK Cambridge Institute\Python Scripts\kits21\kits21\data\case_00000\aggregated_MAJ_seg.nii.gz
13,103,C:\Users\mcgoug01\OneDrive - CRUK Cambridge Institute\Python Scripts\kits21\kits21\data\case_00000\imaging.nii.gz,C:\Users\mcgoug01\OneDrive - CRUK Cambridge Institute\Python Scripts\kits21\kits21\data\case_00000\aggregated_MAJ_seg.nii.gz
14,104,C:\Users\mcgoug01\OneDrive - CRUK Cambridge Institute\Python Scripts\kits21\kits21\data\case_00000\imaging.nii.gz,C:\Users\mcgoug01\OneDrive - CRUK Cambridge Institute\Python Scripts\kits21\kits21\data\case_00000\aggregated_MAJ_seg.nii.gz
15,105,C:\Users\mcgoug01\OneDrive - CRUK Cambridge Institute\Python Scripts\kits21\kits21\data\case_00000\imaging.nii.gz,C:\Users\mcgoug01\OneDrive - CRUK Cambridge Institute\Python Scripts\kits21\kits21\data\case_00000\aggregated_MAJ_seg.nii.gz
16,106,C:\Users\mcgoug01\OneDrive - CRUK Cambridge Institute\Python Scripts\kits21\kits21\data\case_00000\imaging.nii.gz,C:\Users\mcgoug01\OneDrive - CRUK Cambridge Institute\Python Scripts\kits21\kits21\data\case_00000\aggregated_MAJ_seg.nii.gz
17,107,C:\Users\mcgoug01\OneDrive - CRUK Cambridge Institute\Python Scripts\kits21\kits21\data\case_00000\imaging.nii.gz,C:\Users\mcgoug01\OneDrive - CRUK Cambridge Institute\Python Scripts\kits21\kits21\data\case_00000\aggregated_MAJ_seg.nii.gz
18,108,C:\Users\mcgoug01\OneDrive - CRUK Cambridge Institute\Python Scripts\kits21\kits21\data\case_00000\imaging.nii.gz,C:\Users\mcgoug01\OneDrive - CRUK Cambridge Institute\Python Scripts\kits21\kits21\data\case_00000\aggregated_MAJ_seg.nii.gz
19,109,C:\Users\mcgoug01\OneDrive - CRUK Cambridge Institute\Python Scripts\kits21\kits21\data\case_00000\imaging.nii.gz,C:\Users\mcgoug01\OneDrive - CRUK Cambridge Institute\Python Scripts\kits21\kits21\data\case_00000\aggregated_MAJ_seg.nii.gz
20,110,C:\Users\mcgoug01\OneDrive - CRUK Cambridge Institute\Python Scripts\kits21\kits21\data\case_00000\imaging.nii.gz,C:\Users\mcgoug01\OneDrive - CRUK Cambridge Institute\Python Scripts\kits21\kits21\data\case_00000\aggregated_MAJ_seg.nii.gz
21,111,C:\Users\mcgoug01\OneDrive - CRUK Cambridge Institute\Python Scripts\kits21\kits21\data\case_00000\imaging.nii.gz,C:\Users\mcgoug01\OneDrive - CRUK Cambridge Institute\Python Scripts\kits21\kits21\data\case_00000\aggregated_MAJ_seg.nii.gz
22,112,C:\Users\mcgoug01\OneDrive - CRUK Cambridge Institute\Python Scripts\kits21\kits21\data\case_00000\imaging.nii.gz,C:\Users\mcgoug01\OneDrive - CRUK Cambridge Institute\Python Scripts\kits21\kits21\data\case_00000\aggregated_MAJ_seg.nii.gz
23,113,C:\Users\mcgoug01\OneDrive - CRUK Cambridge Institute\Python Scripts\kits21\kits21\data\case_00000\imaging.nii.gz,C:\Users\mcgoug01\OneDrive - CRUK Cambridge Institute\Python Scripts\kits21\kits21\data\case_00000\aggregated_MAJ_seg.nii.gz
24,114,C:\Users\mcgoug01\OneDrive - CRUK Cambridge Institute\Python Scripts\kits21\kits21\data\case_00000\imaging.nii.gz,C:\Users\mcgoug01\OneDrive - CRUK Cambridge Institute\Python Scripts\kits21\kits21\data\case_00000\aggregated_MAJ_seg.nii.gz
25,115,C:\Users\mcgoug01\OneDrive - CRUK Cambridge Institute\Python Scripts\kits21\kits21\data\case_00000\imaging.nii.gz,C:\Users\mcgoug01\OneDrive - CRUK Cambridge Institute\Python Scripts\kits21\kits21\data\case_00000\aggregated_MAJ_seg.nii.gz
26,116,C:\Users\mcgoug01\OneDrive - CRUK Cambridge Institute\Python Scripts\kits21\kits21\data\case_00000\imaging.nii.gz,C:\Users\mcgoug01\OneDrive - CRUK Cambridge Institute\Python Scripts\kits21\kits21\data\case_00000\aggregated_MAJ_seg.nii.gz
27,117,C:\Users\mcgoug01\OneDrive - CRUK Cambridge Institute\Python Scripts\kits21\kits21\data\case_00000\imaging.nii.gz,C:\Users\mcgoug01\OneDrive - CRUK Cambridge Institute\Python Scripts\kits21\kits21\data\case_00000\aggregated_MAJ_seg.nii.gz
28,118,C:\Users\mcgoug01\OneDrive - CRUK Cambridge Institute\Python Scripts\kits21\kits21\data\case_00000\imaging.nii.gz,C:\Users\mcgoug01\OneDrive - CRUK Cambridge Institute\Python Scripts\kits21\kits21\data\case_00000\aggregated_MAJ_seg.nii.gz
29,119,C:\Users\mcgoug01\OneDrive - CRUK Cambridge Institute\Python Scripts\kits21\kits21\data\case_00000\imaging.nii.gz,C:\Users\mcgoug01\OneDrive - CRUK Cambridge Institute\Python Scripts\kits21\kits21\data\case_00000\aggregated_MAJ_seg.nii.gz
30,120,C:\Users\mcgoug01\OneDrive - CRUK Cambridge Institute\Python Scripts\kits21\kits21\data\case_00000\imaging.nii.gz,C:\Users\mcgoug01\OneDrive - CRUK Cambridge Institute\Python Scripts\kits21\kits21\data\case_00000\aggregated_MAJ_seg.nii.gz
31,121,C:\Users\mcgoug01\OneDrive - CRUK Cambridge Institute\Python Scripts\kits21\kits21\data\case_00000\imaging.nii.gz,C:\Users\mcgoug01\OneDrive - CRUK Cambridge Institute\Python Scripts\kits21\kits21\data\case_00000\aggregated_MAJ_seg.nii.gz
32,122,C:\Users\mcgoug01\OneDrive - CRUK Cambridge Institute\Python Scripts\kits21\kits21\data\case_00000\imaging.nii.gz,C:\Users\mcgoug01\OneDrive - CRUK Cambridge Institute\Python Scripts\kits21\kits21\data\case_00000\aggregated_MAJ_seg.nii.gz
33,123,C:\Users\mcgoug01\OneDrive - CRUK Cambridge Institute\Python Scripts\kits21\kits21\data\case_00000\imaging.nii.gz,C:\Users\mcgoug01\OneDrive - CRUK Cambridge Institute\Python Scripts\kits21\kits21\data\case_00000\aggregated_MAJ_seg.nii.gz
34,124,C:\Users\mcgoug01\OneDrive - CRUK Cambridge Institute\Python Scripts\kits21\kits21\data\case_00000\imaging.nii.gz,C:\Users\mcgoug01\OneDrive - CRUK Cambridge Institute\Python Scripts\kits21\kits21\data\case_00000\aggregated_MAJ_seg.nii.gz
35,125,C:\Users\mcgoug01\OneDrive - CRUK Cambridge Institute\Python Scripts\kits21\kits21\data\case_00000\imaging.nii.gz,C:\Users\mcgoug01\OneDrive - CRUK Cambridge Institute\Python Scripts\kits21\kits21\data\case_00000\aggregated_MAJ_seg.nii.gz
36,126,C:\Users\mcgoug01\OneDrive - CRUK Cambridge Institute\Python Scripts\kits21\kits21\data\case_00000\imaging.nii.gz,C:\Users\mcgoug01\OneDrive - CRUK Cambridge Institute\Python Scripts\kits21\kits21\data\case_00000\aggregated_MAJ_seg.nii.gz
37,127,C:\Users\mcgoug01\OneDrive - CRUK Cambridge Institute\Python Scripts\kits21\kits21\data\case_00000\imaging.nii.gz,C:\Users\mcgoug01\OneDrive - CRUK Cambridge Institute\Python Scripts\kits21\kits21\data\case_00000\aggregated_MAJ_seg.nii.gz
38,128,C:\Users\mcgoug01\OneDrive - CRUK Cambridge Institute\Python Scripts\kits21\kits21\data\case_00000\imaging.nii.gz,C:\Users\mcgoug01\OneDrive - CRUK Cambridge Institute\Python Scripts\kits21\kits21\data\case_00000\aggregated_MAJ_seg.nii.gz
39,129,C:\Users\mcgoug01\OneDrive - CRUK Cambridge Institute\Python Scripts\kits21\kits21\data\case_00000\imaging.nii.gz,C:\Users\mcgoug01\OneDrive - CRUK Cambridge Institute\Python Scripts\kits21\kits21\data\case_00000\aggregated_MAJ_seg.nii.gz
40,130,C:\Users\mcgoug01\OneDrive - CRUK Cambridge Institute\Python Scripts\kits21\kits21\data\case_00000\imaging.nii.gz,C:\Users\mcgoug01\OneDrive - CRUK Cambridge Institute\Python Scripts\kits21\kits21\data\case_00000\aggregated_MAJ_seg.nii.gz
41,131,C:\Users\mcgoug01\OneDrive - CRUK Cambridge Institute\Python Scripts\kits21\kits21\data\case_00000\imaging.nii.gz,C:\Users\mcgoug01\OneDrive - CRUK Cambridge Institute\Python Scripts\kits21\kits21\data\case_00000\aggregated_MAJ_seg.nii.gz
42,132,C:\Users\mcgoug01\OneDrive - CRUK Cambridge Institute\Python Scripts\kits21\kits21\data\case_00000\imaging.nii.gz,C:\Users\mcgoug01\OneDrive - CRUK Cambridge Institute\Python Scripts\kits21\kits21\data\case_00000\aggregated_MAJ_seg.nii.gz
43,133,C:\Users\mcgoug01\OneDrive - CRUK Cambridge Institute\Python Scripts\kits21\kits21\data\case_00000\imaging.nii.gz,C:\Users\mcgoug01\OneDrive - CRUK Cambridge Institute\Python Scripts\kits21\kits21\data\case_00000\aggregated_MAJ_seg.nii.gz
44,134,C:\Users\mcgoug01\OneDrive - CRUK Cambridge Institute\Python Scripts\kits21\kits21\data\case_00000\imaging.nii.gz,C:\Users\mcgoug01\OneDrive - CRUK Cambridge Institute\Python Scripts\kits21\kits21\data\case_00000\aggregated_MAJ_seg.nii.gz
45,135,C:\Users\mcgoug01\OneDrive - CRUK Cambridge Institute\Python Scripts\kits21\kits21\data\case_00000\imaging.nii.gz,C:\Users\mcgoug01\OneDrive - CRUK Cambridge Institute\Python Scripts\kits21\kits21\data\case_00000\aggregated_MAJ_seg.nii.gz
46,136,C:\Users\mcgoug01\OneDrive - CRUK Cambridge Institute\Python Scripts\kits21\kits21\data\case_00000\imaging.nii.gz,C:\Users\mcgoug01\OneDrive - CRUK Cambridge Institute\Python Scripts\kits21\kits21\data\case_00000\aggregated_MAJ_seg.nii.gz
47,137,C:\Users\mcgoug01\OneDrive - CRUK Cambridge Institute\Python Scripts\kits21\kits21\data\case_00000\imaging.nii.gz,C:\Users\mcgoug01\OneDrive - CRUK Cambridge Institute\Python Scripts\kits21\kits21\data\case_00000\aggregated_MAJ_seg.nii.gz
48,138,C:\Users\mcgoug01\OneDrive - CRUK Cambridge Institute\Python Scripts\kits21\kits21\data\case_00000\imaging.nii.gz,C:\Users\mcgoug01\OneDrive - CRUK Cambridge Institute\Python Scripts\kits21\kits21\data\case_00000\aggregated_MAJ_seg.nii.gz
49,139,C:\Users\mcgoug01\OneDrive - CRUK Cambridge Institute\Python Scripts\kits21\kits21\data\case_00000\imaging.nii.gz,C:\Users\mcgoug01\OneDrive - CRUK Cambridge Institute\Python Scripts\kits21\kits21\data\case_00000\aggregated_MAJ_seg.nii.gz
50,140,C:\Users\mcgoug01\OneDrive - CRUK Cambridge Institute\Python Scripts\kits21\kits21\data\case_00000\imaging.nii.gz,C:\Users\mcgoug01\OneDrive - CRUK Cambridge Institute\Python Scripts\kits21\kits21\data\case_00000\aggregated_MAJ_seg.nii.gz
51,141,C:\Users\mcgoug01\OneDrive - CRUK Cambridge Institute\Python Scripts\kits21\kits21\data\case_00000\imaging.nii.gz,C:\Users\mcgoug01\OneDrive - CRUK Cambridge Institute\Python Scripts\kits21\kits21\data\case_00000\aggregated_MAJ_seg.nii.gz
52,142,C:\Users\mcgoug01\OneDrive - CRUK Cambridge Institute\Python Scripts\kits21\kits21\data\case_00000\imaging.nii.gz,C:\Users\mcgoug01\OneDrive - CRUK Cambridge Institute\Python Scripts\kits21\kits21\data\case_00000\aggregated_MAJ_seg.nii.gz
53,143,C:\Users\mcgoug01\OneDrive - CRUK Cambridge Institute\Python Scripts\kits21\kits21\data\case_00000\imaging.nii.gz,C:\Users\mcgoug01\OneDrive - CRUK Cambridge Institute\Python Scripts\kits21\kits21\data\case_00000\aggregated_MAJ_seg.nii.gz
54,144,C:\Users\mcgoug01\OneDrive - CRUK Cambridge Institute\Python Scripts\kits21\kits21\data\case_00000\imaging.nii.gz,C:\Users\mcgoug01\OneDrive - CRUK Cambridge Institute\Python Scripts\kits21\kits21\data\case_00000\aggregated_MAJ_seg.nii.gz
55,145,C:\Users\mcgoug01\OneDrive - CRUK Cambridge Institute\Python Scripts\kits21\kits21\data\case_00000\imaging.nii.gz,C:\Users\mcgoug01\OneDrive - CRUK Cambridge Institute\Python Scripts\kits21\kits21\data\case_00000\aggregated_MAJ_seg.nii.gz
56,146,C:\Users\mcgoug01\OneDrive - CRUK Cambridge Institute\Python Scripts\kits21\kits21\data\case_00000\imaging.nii.gz,C:\Users\mcgoug01\OneDrive - CRUK Cambridge Institute\Python Scripts\kits21\kits21\data\case_00000\aggregated_MAJ_seg.nii.gz
57,147,C:\Users\mcgoug01\OneDrive - CRUK Cambridge Institute\Python Scripts\kits21\kits21\data\case_00000\imaging.nii.gz,C:\Users\mcgoug01\OneDrive - CRUK Cambridge Institute\Python Scripts\kits21\kits21\data\case_00000\aggregated_MAJ_seg.nii.gz
58,148,C:\Users\mcgoug01\OneDrive - CRUK Cambridge Institute\Python Scripts\kits21\kits21\data\case_00000\imaging.nii.gz,C:\Users\mcgoug01\OneDrive - CRUK Cambridge Institute\Python Scripts\kits21\kits21\data\case_00000\aggregated_MAJ_seg.nii.gz
59,149,C:\Users\mcgoug01\OneDrive - CRUK Cambridge Institute\Python Scripts\kits21\kits21\data\case_00000\imaging.nii.gz,C:\Users\mcgoug01\OneDrive - CRUK Cambridge Institute\Python Scripts\kits21\kits21\data\case_00000\aggregated_MAJ_seg.nii.gz
60,150,C:\Users\mcgoug01\OneDrive - CRUK Cambridge Institute\Python Scripts\kits21\kits21\data\case_00000\imaging.nii.gz,C:\Users\mcgoug01\OneDrive - CRUK Cambridge Institute\Python Scripts\kits21\kits21\data\case_00000\aggregated_MAJ_seg.nii.gz
61,151,C:\Users\mcgoug01\OneDrive - CRUK Cambridge Institute\Python Scripts\kits21\kits21\data\case_00000\imaging.nii.gz,C:\Users\mcgoug01\OneDrive - CRUK Cambridge Institute\Python Scripts\kits21\kits21\data\case_00000\aggregated_MAJ_seg.nii.gz
62,152,C:\Users\mcgoug01\OneDrive - CRUK Cambridge Institute\Python Scripts\kits21\kits21\data\case_00000\imaging.nii.gz,C:\Users\mcgoug01\OneDrive - CRUK Cambridge Institute\Python Scripts\kits21\kits21\data\case_00000\aggregated_MAJ_seg.nii.gz
63,153,C:\Users\mcgoug01\OneDrive - CRUK Cambridge Institute\Python Scripts\kits21\kits21\data\case_00000\imaging.nii.gz,C:\Users\mcgoug01\OneDrive - CRUK Cambridge Institute\Python Scripts\kits21\kits21\data\case_00000\aggregated_MAJ_seg.nii.gz
64,154,C:\Users\mcgoug01\OneDrive - CRUK Cambridge Institute\Python Scripts\kits21\kits21\data\case_00000\imaging.nii.gz,C:\Users\mcgoug01\OneDrive - CRUK Cambridge Institute\Python Scripts\kits21\kits21\data\case_00000\aggregated_MAJ_seg.nii.gz
65,155,C:\Users\mcgoug01\OneDrive - CRUK Cambridge Institute\Python Scripts\kits21\kits21\data\case_00000\imaging.nii.gz,C:\Users\mcgoug01\OneDrive - CRUK Cambridge Institute\Python Scripts\kits21\kits21\data\case_00000\aggregated_MAJ_seg.nii.gz
66,156,C:\Users\mcgoug01\OneDrive - CRUK Cambridge Institute\Python Scripts\kits21\kits21\data\case_00000\imaging.nii.gz,C:\Users\mcgoug01\OneDrive - CRUK Cambridge Institute\Python Scripts\kits21\kits21\data\case_00000\aggregated_MAJ_seg.nii.gz
67,157,C:\Users\mcgoug01\OneDrive - CRUK Cambridge Institute\Python Scripts\kits21\kits21\data\case_00000\imaging.nii.gz,C:\Users\mcgoug01\OneDrive - CRUK Cambridge Institute\Python Scripts\kits21\kits21\data\case_00000\aggregated_MAJ_seg.nii.gz
68,158,C:\Users\mcgoug01\OneDrive - CRUK Cambridge Institute\Python Scripts\kits21\kits21\data\case_00000\imaging.nii.gz,C:\Users\mcgoug01\OneDrive - CRUK Cambridge Institute\Python Scripts\kits21\kits21\data\case_00000\aggregated_MAJ_seg.nii.gz
69,159,C:\Users\mcgoug01\OneDrive - CRUK Cambridge Institute\Python Scripts\kits21\kits21\data\case_00000\imaging.nii.gz,C:\Users\mcgoug01\OneDrive - CRUK Cambridge Institute\Python Scripts\kits21\kits21\data\case_00000\aggregated_MAJ_seg.nii.gz
70,160,C:\Users\mcgoug01\OneDrive - CRUK Cambridge Institute\Python Scripts\kits21\kits21\data\case_00000\imaging.nii.gz,C:\Users\mcgoug01\OneDrive - CRUK Cambridge Institute\Python Scripts\kits21\kits21\data\case_00000\aggregated_MAJ_seg.nii.gz
71,161,C:\Users\mcgoug01\OneDrive - CRUK Cambridge Institute\Python Scripts\kits21\kits21\data\case_00000\imaging.nii.gz,C:\Users\mcgoug01\OneDrive - CRUK Cambridge Institute\Python Scripts\kits21\kits21\data\case_00000\aggregated_MAJ_seg.nii.gz
72,162,C:\Users\mcgoug01\OneDrive - CRUK Cambridge Institute\Python Scripts\kits21\kits21\data\case_00000\imaging.nii.gz,C:\Users\mcgoug01\OneDrive - CRUK Cambridge Institute\Python Scripts\kits21\kits21\data\case_00000\aggregated_MAJ_seg.nii.gz
73,163,C:\Users\mcgoug01\OneDrive - CRUK Cambridge Institute\Python Scripts\kits21\kits21\data\case_00000\imaging.nii.gz,C:\Users\mcgoug01\OneDrive - CRUK Cambridge Institute\Python Scripts\kits21\kits21\data\case_00000\aggregated_MAJ_seg.nii.gz
74,164,C:\Users\mcgoug01\OneDrive - CRUK Cambridge Institute\Python Scripts\kits21\kits21\data\case_00000\imaging.nii.gz,C:\Users\mcgoug01\OneDrive - CRUK Cambridge Institute\Python Scripts\kits21\kits21\data\case_00000\aggregated_MAJ_seg.nii.gz
75,165,C:\Users\mcgoug01\OneDrive - CRUK Cambridge Institute\Python Scripts\kits21\kits21\data\case_00000\imaging.nii.gz,C:\Users\mcgoug01\OneDrive - CRUK Cambridge Institute\Python Scripts\kits21\kits21\data\case_00000\aggregated_MAJ_seg.nii.gz
76,166,C:\Users\mcgoug01\OneDrive - CRUK Cambridge Institute\Python Scripts\kits21\kits21\data\case_00000\imaging.nii.gz,C:\Users\mcgoug01\OneDrive - CRUK Cambridge Institute\Python Scripts\kits21\kits21\data\case_00000\aggregated_MAJ_seg.nii.gz
77,167,C:\Users\mcgoug01\OneDrive - CRUK Cambridge Institute\Python Scripts\kits21\kits21\data\case_00000\imaging.nii.gz,C:\Users\mcgoug01\OneDrive - CRUK Cambridge Institute\Python Scripts\kits21\kits21\data\case_00000\aggregated_MAJ_seg.nii.gz
78,168,C:\Users\mcgoug01\OneDrive - CRUK Cambridge Institute\Python Scripts\kits21\kits21\data\case_00000\imaging.nii.gz,C:\Users\mcgoug01\OneDrive - CRUK Cambridge Institute\Python Scripts\kits21\kits21\data\case_00000\aggregated_MAJ_seg.nii.gz
79,169,C:\Users\mcgoug01\OneDrive - CRUK Cambridge Institute\Python Scripts\kits21\kits21\data\case_00000\imaging.nii.gz,C:\Users\mcgoug01\OneDrive - CRUK Cambridge Institute\Python Scripts\kits21\kits21\data\case_00000\aggregated_MAJ_seg.nii.gz
80,170,C:\Users\mcgoug01\OneDrive - CRUK Cambridge Institute\Python Scripts\kits21\kits21\data\case_00000\imaging.nii.gz,C:\Users\mcgoug01\OneDrive - CRUK Cambridge Institute\Python Scripts\kits21\kits21\data\case_00000\aggregated_MAJ_seg.nii.gz
81,171,C:\Users\mcgoug01\OneDrive - CRUK Cambridge Institute\Python Scripts\kits21\kits21\data\case_00000\imaging.nii.gz,C:\Users\mcgoug01\OneDrive - CRUK Cambridge Institute\Python Scripts\kits21\kits21\data\case_00000\aggregated_MAJ_seg.nii.gz
82,172,C:\Users\mcgoug01\OneDrive - CRUK Cambridge Institute\Python Scripts\kits21\kits21\data\case_00000\imaging.nii.gz,C:\Users\mcgoug01\OneDrive - CRUK Cambridge Institute\Python Scripts\kits21\kits21\data\case_00000\aggregated_MAJ_seg.nii.gz
83,173,C:\Users\mcgoug01\OneDrive - CRUK Cambridge Institute\Python Scripts\kits21\kits21\data\case_00000\imaging.nii.gz,C:\Users\mcgoug01\OneDrive - CRUK Cambridge Institute\Python Scripts\kits21\kits21\data\case_00000\aggregated_MAJ_seg.nii.gz
84,174,C:\Users\mcgoug01\OneDrive - CRUK Cambridge Institute\Python Scripts\kits21\kits21\data\case_00000\imaging.nii.gz,C:\Users\mcgoug01\OneDrive - CRUK Cambridge Institute\Python Scripts\kits21\kits21\data\case_00000\aggregated_MAJ_seg.nii.gz
85,175,C:\Users\mcgoug01\OneDrive - CRUK Cambridge Institute\Python Scripts\kits21\kits21\data\case_00000\imaging.nii.gz,C:\Users\mcgoug01\OneDrive - CRUK Cambridge Institute\Python Scripts\kits21\kits21\data\case_00000\aggregated_MAJ_seg.nii.gz
86,176,C:\Users\mcgoug01\OneDrive - CRUK Cambridge Institute\Python Scripts\kits21\kits21\data\case_00000\imaging.nii.gz,C:\Users\mcgoug01\OneDrive - CRUK Cambridge Institute\Python Scripts\kits21\kits21\data\case_00000\aggregated_MAJ_seg.nii.gz
87,177,C:\Users\mcgoug01\OneDrive - CRUK Cambridge Institute\Python Scripts\kits21\kits21\data\case_00000\imaging.nii.gz,C:\Users\mcgoug01\OneDrive - CRUK Cambridge Institute\Python Scripts\kits21\kits21\data\case_00000\aggregated_MAJ_seg.nii.gz
88,178,C:\Users\mcgoug01\OneDrive - CRUK Cambridge Institute\Python Scripts\kits21\kits21\data\case_00000\imaging.nii.gz,C:\Users\mcgoug01\OneDrive - CRUK Cambridge Institute\Python Scripts\kits21\kits21\data\case_00000\aggregated_MAJ_seg.nii.gz
89,179,C:\Users\mcgoug01\OneDrive - CRUK Cambridge Institute\Python Scripts\kits21\kits21\data\case_00000\imaging.nii.gz,C:\Users\mcgoug01\OneDrive - CRUK Cambridge Institute\Python Scripts\kits21\kits21\data\case_00000\aggregated_MAJ_seg.nii.gz
90,180,C:\Users\mcgoug01\OneDrive - CRUK Cambridge Institute\Python Scripts\kits21\kits21\data\case_00000\imaging.nii.gz,C:\Users\mcgoug01\OneDrive - CRUK Cambridge Institute\Python Scripts\kits21\kits21\data\case_00000\aggregated_MAJ_seg.nii.gz
91,181,C:\Users\mcgoug01\OneDrive - CRUK Cambridge Institute\Python Scripts\kits21\kits21\data\case_00000\imaging.nii.gz,C:\Users\mcgoug01\OneDrive - CRUK Cambridge Institute\Python Scripts\kits21\kits21\data\case_00000\aggregated_MAJ_seg.nii.gz
92,182,C:\Users\mcgoug01\OneDrive - CRUK Cambridge Institute\Python Scripts\kits21\kits21\data\case_00000\imaging.nii.gz,C:\Users\mcgoug01\OneDrive - CRUK Cambridge Institute\Python Scripts\kits21\kits21\data\case_00000\aggregated_MAJ_seg.nii.gz
93,183,C:\Users\mcgoug01\OneDrive - CRUK Cambridge Institute\Python Scripts\kits21\kits21\data\case_00000\imaging.nii.gz,C:\Users\mcgoug01\OneDrive - CRUK Cambridge Institute\Python Scripts\kits21\kits21\data\case_00000\aggregated_MAJ_seg.nii.gz
94,184,C:\Users\mcgoug01\OneDrive - CRUK Cambridge Institute\Python Scripts\kits21\kits21\data\case_00000\imaging.nii.gz,C:\Users\mcgoug01\OneDrive - CRUK Cambridge Institute\Python Scripts\kits21\kits21\data\case_00000\aggregated_MAJ_seg.nii.gz
95,185,C:\Users\mcgoug01\OneDrive - CRUK Cambridge Institute\Python Scripts\kits21\kits21\data\case_00000\imaging.nii.gz,C:\Users\mcgoug01\OneDrive - CRUK Cambridge Institute\Python Scripts\kits21\kits21\data\case_00000\aggregated_MAJ_seg.nii.gz
96,186,C:\Users\mcgoug01\OneDrive - CRUK Cambridge Institute\Python Scripts\kits21\kits21\data\case_00000\imaging.nii.gz,C:\Users\mcgoug01\OneDrive - CRUK Cambridge Institute\Python Scripts\kits21\kits21\data\case_00000\aggregated_MAJ_seg.nii.gz
97,187,C:\Users\mcgoug01\OneDrive - CRUK Cambridge Institute\Python Scripts\kits21\kits21\data\case_00000\imaging.nii.gz,C:\Users\mcgoug01\OneDrive - CRUK Cambridge Institute\Python Scripts\kits21\kits21\data\case_00000\aggregated_MAJ_seg.nii.gz
98,188,C:\Users\mcgoug01\OneDrive - CRUK Cambridge Institute\Python Scripts\kits21\kits21\data\case_00000\imaging.nii.gz,C:\Users\mcgoug01\OneDrive - CRUK Cambridge Institute\Python Scripts\kits21\kits21\data\case_00000\aggregated_MAJ_seg.nii.gz
99,189,C:\Users\mcgoug01\OneDrive - CRUK Cambridge Institute\Python Scripts\kits21\kits21\data\case_00000\imaging.nii.gz,C:\Users\mcgoug01\OneDrive - CRUK Cambridge Institute\Python Scripts\kits21\kits21\data\case_00000\aggregated_MAJ_seg.nii.gz
100,190,C:\Users\mcgoug01\OneDrive - CRUK Cambridge Institute\Python Scripts\kits21\kits21\data\case_00000\imaging.nii.gz,C:\Users\mcgoug01\OneDrive - CRUK Cambridge Institute\Python Scripts\kits21\kits21\data\case_00000\aggregated_MAJ_seg.nii.gz
101,191,C:\Users\mcgoug01\OneDrive - CRUK Cambridge Institute\Python Scripts\kits21\kits21\data\case_00000\imaging.nii.gz,C:\Users\mcgoug01\OneDrive - CRUK Cambridge Institute\Python Scripts\kits21\kits21\data\case_00000\aggregated_MAJ_seg.nii.gz
102,192,C:\Users\mcgoug01\OneDrive - CRUK Cambridge Institute\Python Scripts\kits21\kits21\data\case_00000\imaging.nii.gz,C:\Users\mcgoug01\OneDrive - CRUK Cambridge Institute\Python Scripts\kits21\kits21\data\case_00000\aggregated_MAJ_seg.nii.gz
103,193,C:\Users\mcgoug01\OneDrive - CRUK Cambridge Institute\Python Scripts\kits21\kits21\data\case_00000\imaging.nii.gz,C:\Users\mcgoug01\OneDrive - CRUK Cambridge Institute\Python Scripts\kits21\kits21\data\case_00000\aggregated_MAJ_seg.nii.gz
104,194,C:\Users\mcgoug01\OneDrive - CRUK Cambridge Institute\Python Scripts\kits21\kits21\data\case_00000\imaging.nii.gz,C:\Users\mcgoug01\OneDrive - CRUK Cambridge Institute\Python Scripts\kits21\kits21\data\case_00000\aggregated_MAJ_seg.nii.gz
105,195,C:\Users\mcgoug01\OneDrive - CRUK Cambridge Institute\Python Scripts\kits21\kits21\data\case_00000\imaging.nii.gz,C:\Users\mcgoug01\OneDrive - CRUK Cambridge Institute\Python Scripts\kits21\kits21\data\case_00000\aggregated_MAJ_seg.nii.gz
106,196,C:\Users\mcgoug01\OneDrive - CRUK Cambridge Institute\Python Scripts\kits21\kits21\data\case_00000\imaging.nii.gz,C:\Users\mcgoug01\OneDrive - CRUK Cambridge Institute\Python Scripts\kits21\kits21\data\case_00000\aggregated_MAJ_seg.nii.gz
107,197,C:\Users\mcgoug01\OneDrive - CRUK Cambridge Institute\Python Scripts\kits21\kits21\data\case_00000\imaging.nii.gz,C:\Users\mcgoug01\OneDrive - CRUK Cambridge Institute\Python Scripts\kits21\kits21\data\case_00000\aggregated_MAJ_seg.nii.gz
108,198,C:\Users\mcgoug01\OneDrive - CRUK Cambridge Institute\Python Scripts\kits21\kits21\data\case_00000\imaging.nii.gz,C:\Users\mcgoug01\OneDrive - CRUK Cambridge Institute\Python Scripts\kits21\kits21\data\case_00000\aggregated_MAJ_seg.nii.gz
109,199,C:\Users\mcgoug01\OneDrive - CRUK Cambridge Institute\Python Scripts\kits21\kits21\data\case_00000\imaging.nii.gz,C:\Users\mcgoug01\OneDrive - CRUK Cambridge Institute\Python Scripts\kits21\kits21\data\case_00000\aggregated_MAJ_seg.nii.gz
110,200,C:\Users\mcgoug01\OneDrive - CRUK Cambridge Institute\Python Scripts\kits21\kits21\data\case_00000\imaging.nii.gz,C:\Users\mcgoug01\OneDrive - CRUK Cambridge Institute\Python Scripts\kits21\kits21\data\case_00000\aggregated_MAJ_seg.nii.gz
111,201,C:\Users\mcgoug01\OneDrive - CRUK Cambridge Institute\Python Scripts\kits21\kits21\data\case_00000\imaging.nii.gz,C:\Users\mcgoug01\OneDrive - CRUK Cambridge Institute\Python Scripts\kits21\kits21\data\case_00000\aggregated_MAJ_seg.nii.gz
112,202,C:\Users\mcgoug01\OneDrive - CRUK Cambridge Institute\Python Scripts\kits21\kits21\data\case_00000\imaging.nii.gz,C:\Users\mcgoug01\OneDrive - CRUK Cambridge Institute\Python Scripts\kits21\kits21\data\case_00000\aggregated_MAJ_seg.nii.gz
113,203,C:\Users\mcgoug01\OneDrive - CRUK Cambridge Institute\Python Scripts\kits21\kits21\data\case_00000\imaging.nii.gz,C:\Users\mcgoug01\OneDrive - CRUK Cambridge Institute\Python Scripts\kits21\kits21\data\case_00000\aggregated_MAJ_seg.nii.gz
114,204,C:\Users\mcgoug01\OneDrive - CRUK Cambridge Institute\Python Scripts\kits21\kits21\data\case_00000\imaging.nii.gz,C:\Users\mcgoug01\OneDrive - CRUK Cambridge Institute\Python Scripts\kits21\kits21\data\case_00000\aggregated_MAJ_seg.nii.gz
115,205,C:\Users\mcgoug01\OneDrive - CRUK Cambridge Institute\Python Scripts\kits21\kits21\data\case_00000\imaging.nii.gz,C:\Users\mcgoug01\OneDrive - CRUK Cambridge Institute\Python Scripts\kits21\kits21\data\case_00000\aggregated_MAJ_seg.nii.gz
116,206,C:\Users\mcgoug01\OneDrive - CRUK Cambridge Institute\Python Scripts\kits21\kits21\data\case_00000\imaging.nii.gz,C:\Users\mcgoug01\OneDrive - CRUK Cambridge Institute\Python Scripts\kits21\kits21\data\case_00000\aggregated_MAJ_seg.nii.gz
117,207,C:\Users\mcgoug01\OneDrive - CRUK Cambridge Institute\Python Scripts\kits21\kits21\data\case_00000\imaging.nii.gz,C:\Users\mcgoug01\OneDrive - CRUK Cambridge Institute\Python Scripts\kits21\kits21\data\case_00000\aggregated_MAJ_seg.nii.gz
118,208,C:\Users\mcgoug01\OneDrive - CRUK Cambridge Institute\Python Scripts\kits21\kits21\data\case_00000\imaging.nii.gz,C:\Users\mcgoug01\OneDrive - CRUK Cambridge Institute\Python Scripts\kits21\kits21\data\case_00000\aggregated_MAJ_seg.nii.gz
119,209,C:\Users\mcgoug01\OneDrive - CRUK Cambridge Institute\Python Scripts\kits21\kits21\data\case_00000\imaging.nii.gz,C:\Users\mcgoug01\OneDrive - CRUK Cambridge Institute\Python Scripts\kits21\kits21\data\case_00000\aggregated_MAJ_seg.nii.gz
120,210,C:\Users\mcgoug01\OneDrive - CRUK Cambridge Institute\Python Scripts\kits21\kits21\data\case_00000\imaging.nii.gz,C:\Users\mcgoug01\OneDrive - CRUK Cambridge Institute\Python Scripts\kits21\kits21\data\case_00000\aggregated_MAJ_seg.nii.gz
121,211,C:\Users\mcgoug01\OneDrive - CRUK Cambridge Institute\Python Scripts\kits21\kits21\data\case_00000\imaging.nii.gz,C:\Users\mcgoug01\OneDrive - CRUK Cambridge Institute\Python Scripts\kits21\kits21\data\case_00000\aggregated_MAJ_seg.nii.gz
122,212,C:\Users\mcgoug01\OneDrive - CRUK Cambridge Institute\Python Scripts\kits21\kits21\data\case_00000\imaging.nii.gz,C:\Users\mcgoug01\OneDrive - CRUK Cambridge Institute\Python Scripts\kits21\kits21\data\case_00000\aggregated_MAJ_seg.nii.gz
123,213,C:\Users\mcgoug01\OneDrive - CRUK Cambridge Institute\Python Scripts\kits21\kits21\data\case_00000\imaging.nii.gz,C:\Users\mcgoug01\OneDrive - CRUK Cambridge Institute\Python Scripts\kits21\kits21\data\case_00000\aggregated_MAJ_seg.nii.gz
124,214,C:\Users\mcgoug01\OneDrive - CRUK Cambridge Institute\Python Scripts\kits21\kits21\data\case_00000\imaging.nii.gz,C:\Users\mcgoug01\OneDrive - CRUK Cambridge Institute\Python Scripts\kits21\kits21\data\case_00000\aggregated_MAJ_seg.nii.gz
125,215,C:\Users\mcgoug01\OneDrive - CRUK Cambridge Institute\Python Scripts\kits21\kits21\data\case_00000\imaging.nii.gz,C:\Users\mcgoug01\OneDrive - CRUK Cambridge Institute\Python Scripts\kits21\kits21\data\case_00000\aggregated_MAJ_seg.nii.gz
126,216,C:\Users\mcgoug01\OneDrive - CRUK Cambridge Institute\Python Scripts\kits21\kits21\data\case_00000\imaging.nii.gz,C:\Users\mcgoug01\OneDrive - CRUK Cambridge Institute\Python Scripts\kits21\kits21\data\case_00000\aggregated_MAJ_seg.nii.gz
127,217,C:\Users\mcgoug01\OneDrive - CRUK Cambridge Institute\Python Scripts\kits21\kits21\data\case_00000\imaging.nii.gz,C:\Users\mcgoug01\OneDrive - CRUK Cambridge Institute\Python Scripts\kits21\kits21\data\case_00000\aggregated_MAJ_seg.nii.gz
128,218,C:\Users\mcgoug01\OneDrive - CRUK Cambridge Institute\Python Scripts\kits21\kits21\data\case_00000\imaging.nii.gz,C:\Users\mcgoug01\OneDrive - CRUK Cambridge Institute\Python Scripts\kits21\kits21\data\case_00000\aggregated_MAJ_seg.nii.gz
129,219,C:\Users\mcgoug01\OneDrive - CRUK Cambridge Institute\Python Scripts\kits21\kits21\data\case_00000\imaging.nii.gz,C:\Users\mcgoug01\OneDrive - CRUK Cambridge Institute\Python Scripts\kits21\kits21\data\case_00000\aggregated_MAJ_seg.nii.gz
130,220,C:\Users\mcgoug01\OneDrive - CRUK Cambridge Institute\Python Scripts\kits21\kits21\data\case_00000\imaging.nii.gz,C:\Users\mcgoug01\OneDrive - CRUK Cambridge Institute\Python Scripts\kits21\kits21\data\case_00000\aggregated_MAJ_seg.nii.gz
131,221,C:\Users\mcgoug01\OneDrive - CRUK Cambridge Institute\Python Scripts\kits21\kits21\data\case_00000\imaging.nii.gz,C:\Users\mcgoug01\OneDrive - CRUK Cambridge Institute\Python Scripts\kits21\kits21\data\case_00000\aggregated_MAJ_seg.nii.gz
132,222,C:\Users\mcgoug01\OneDrive - CRUK Cambridge Institute\Python Scripts\kits21\kits21\data\case_00000\imaging.nii.gz,C:\Users\mcgoug01\OneDrive - CRUK Cambridge Institute\Python Scripts\kits21\kits21\data\case_00000\aggregated_MAJ_seg.nii.gz
133,223,C:\Users\mcgoug01\OneDrive - CRUK Cambridge Institute\Python Scripts\kits21\kits21\data\case_00000\imaging.nii.gz,C:\Users\mcgoug01\OneDrive - CRUK Cambridge Institute\Python Scripts\kits21\kits21\data\case_00000\aggregated_MAJ_seg.nii.gz
134,224,C:\Users\mcgoug01\OneDrive - CRUK Cambridge Institute\Python Scripts\kits21\kits21\data\case_00000\imaging.nii.gz,C:\Users\mcgoug01\OneDrive - CRUK Cambridge Institute\Python Scripts\kits21\kits21\data\case_00000\aggregated_MAJ_seg.nii.gz
135,225,C:\Users\mcgoug01\OneDrive - CRUK Cambridge Institute\Python Scripts\kits21\kits21\data\case_00000\imaging.nii.gz,C:\Users\mcgoug01\OneDrive - CRUK Cambridge Institute\Python Scripts\kits21\kits21\data\case_00000\aggregated_MAJ_seg.nii.gz
136,226,C:\Users\mcgoug01\OneDrive - CRUK Cambridge Institute\Python Scripts\kits21\kits21\data\case_00000\imaging.nii.gz,C:\Users\mcgoug01\OneDrive - CRUK Cambridge Institute\Python Scripts\kits21\kits21\data\case_00000\aggregated_MAJ_seg.nii.gz
137,227,C:\Users\mcgoug01\OneDrive - CRUK Cambridge Institute\Python Scripts\kits21\kits21\data\case_00000\imaging.nii.gz,C:\Users\mcgoug01\OneDrive - CRUK Cambridge Institute\Python Scripts\kits21\kits21\data\case_00000\aggregated_MAJ_seg.nii.gz
138,228,C:\Users\mcgoug01\OneDrive - CRUK Cambridge Institute\Python Scripts\kits21\kits21\data\case_00000\imaging.nii.gz,C:\Users\mcgoug01\OneDrive - CRUK Cambridge Institute\Python Scripts\kits21\kits21\data\case_00000\aggregated_MAJ_seg.nii.gz
139,229,C:\Users\mcgoug01\OneDrive - CRUK Cambridge Institute\Python Scripts\kits21\kits21\data\case_00000\imaging.nii.gz,C:\Users\mcgoug01\OneDrive - CRUK Cambridge Institute\Python Scripts\kits21\kits21\data\case_00000\aggregated_MAJ_seg.nii.gz
140,230,C:\Users\mcgoug01\OneDrive - CRUK Cambridge Institute\Python Scripts\kits21\kits21\data\case_00000\imaging.nii.gz,C:\Users\mcgoug01\OneDrive - CRUK Cambridge Institute\Python Scripts\kits21\kits21\data\case_00000\aggregated_MAJ_seg.nii.gz
141,231,C:\Users\mcgoug01\OneDrive - CRUK Cambridge Institute\Python Scripts\kits21\kits21\data\case_00000\imaging.nii.gz,C:\Users\mcgoug01\OneDrive - CRUK Cambridge Institute\Python Scripts\kits21\kits21\data\case_00000\aggregated_MAJ_seg.nii.gz
142,232,C:\Users\mcgoug01\OneDrive - CRUK Cambridge Institute\Python Scripts\kits21\kits21\data\case_00000\imaging.nii.gz,C:\Users\mcgoug01\OneDrive - CRUK Cambridge Institute\Python Scripts\kits21\kits21\data\case_00000\aggregated_MAJ_seg.nii.gz
143,233,C:\Users\mcgoug01\OneDrive - CRUK Cambridge Institute\Python Scripts\kits21\kits21\data\case_00000\imaging.nii.gz,C:\Users\mcgoug01\OneDrive - CRUK Cambridge Institute\Python Scripts\kits21\kits21\data\case_00000\aggregated_MAJ_seg.nii.gz
144,234,C:\Users\mcgoug01\OneDrive - CRUK Cambridge Institute\Python Scripts\kits21\kits21\data\case_00000\imaging.nii.gz,C:\Users\mcgoug01\OneDrive - CRUK Cambridge Institute\Python Scripts\kits21\kits21\data\case_00000\aggregated_MAJ_seg.nii.gz
145,235,C:\Users\mcgoug01\OneDrive - CRUK Cambridge Institute\Python Scripts\kits21\kits21\data\case_00000\imaging.nii.gz,C:\Users\mcgoug01\OneDrive - CRUK Cambridge Institute\Python Scripts\kits21\kits21\data\case_00000\aggregated_MAJ_seg.nii.gz
146,236,C:\Users\mcgoug01\OneDrive - CRUK Cambridge Institute\Python Scripts\kits21\kits21\data\case_00000\imaging.nii.gz,C:\Users\mcgoug01\OneDrive - CRUK Cambridge Institute\Python Scripts\kits21\kits21\data\case_00000\aggregated_MAJ_seg.nii.gz
147,237,C:\Users\mcgoug01\OneDrive - CRUK Cambridge Institute\Python Scripts\kits21\kits21\data\case_00000\imaging.nii.gz,C:\Users\mcgoug01\OneDrive - CRUK Cambridge Institute\Python Scripts\kits21\kits21\data\case_00000\aggregated_MAJ_seg.nii.gz
148,238,C:\Users\mcgoug01\OneDrive - CRUK Cambridge Institute\Python Scripts\kits21\kits21\data\case_00000\imaging.nii.gz,C:\Users\mcgoug01\OneDrive - CRUK Cambridge Institute\Python Scripts\kits21\kits21\data\case_00000\aggregated_MAJ_seg.nii.gz
149,239,C:\Users\mcgoug01\OneDrive - CRUK Cambridge Institute\Python Scripts\kits21\kits21\data\case_00000\imaging.nii.gz,C:\Users\mcgoug01\OneDrive - CRUK Cambridge Institute\Python Scripts\kits21\kits21\data\case_00000\aggregated_MAJ_seg.nii.gz
150,240,C:\Users\mcgoug01\OneDrive - CRUK Cambridge Institute\Python Scripts\kits21\kits21\data\case_00000\imaging.nii.gz,C:\Users\mcgoug01\OneDrive - CRUK Cambridge Institute\Python Scripts\kits21\kits21\data\case_00000\aggregated_MAJ_seg.nii.gz
151,241,C:\Users\mcgoug01\OneDrive - CRUK Cambridge Institute\Python Scripts\kits21\kits21\data\case_00000\imaging.nii.gz,C:\Users\mcgoug01\OneDrive - CRUK Cambridge Institute\Python Scripts\kits21\kits21\data\case_00000\aggregated_MAJ_seg.nii.gz
152,242,C:\Users\mcgoug01\OneDrive - CRUK Cambridge Institute\Python Scripts\kits21\kits21\data\case_00000\imaging.nii.gz,C:\Users\mcgoug01\OneDrive - CRUK Cambridge Institute\Python Scripts\kits21\kits21\data\case_00000\aggregated_MAJ_seg.nii.gz
153,243,C:\Users\mcgoug01\OneDrive - CRUK Cambridge Institute\Python Scripts\kits21\kits21\data\case_00000\imaging.nii.gz,C:\Users\mcgoug01\OneDrive - CRUK Cambridge Institute\Python Scripts\kits21\kits21\data\case_00000\aggregated_MAJ_seg.nii.gz
154,244,C:\Users\mcgoug01\OneDrive - CRUK Cambridge Institute\Python Scripts\kits21\kits21\data\case_00000\imaging.nii.gz,C:\Users\mcgoug01\OneDrive - CRUK Cambridge Institute\Python Scripts\kits21\kits21\data\case_00000\aggregated_MAJ_seg.nii.gz
155,245,C:\Users\mcgoug01\OneDrive - CRUK Cambridge Institute\Python Scripts\kits21\kits21\data\case_00000\imaging.nii.gz,C:\Users\mcgoug01\OneDrive - CRUK Cambridge Institute\Python Scripts\kits21\kits21\data\case_00000\aggregated_MAJ_seg.nii.gz
156,246,C:\Users\mcgoug01\OneDrive - CRUK Cambridge Institute\Python Scripts\kits21\kits21\data\case_00000\imaging.nii.gz,C:\Users\mcgoug01\OneDrive - CRUK Cambridge Institute\Python Scripts\kits21\kits21\data\case_00000\aggregated_MAJ_seg.nii.gz
157,247,C:\Users\mcgoug01\OneDrive - CRUK Cambridge Institute\Python Scripts\kits21\kits21\data\case_00000\imaging.nii.gz,C:\Users\mcgoug01\OneDrive - CRUK Cambridge Institute\Python Scripts\kits21\kits21\data\case_00000\aggregated_MAJ_seg.nii.gz
158,248,C:\Users\mcgoug01\OneDrive - CRUK Cambridge Institute\Python Scripts\kits21\kits21\data\case_00000\imaging.nii.gz,C:\Users\mcgoug01\OneDrive - CRUK Cambridge Institute\Python Scripts\kits21\kits21\data\case_00000\aggregated_MAJ_seg.nii.gz
159,249,C:\Users\mcgoug01\OneDrive - CRUK Cambridge Institute\Python Scripts\kits21\kits21\data\case_00000\imaging.nii.gz,C:\Users\mcgoug01\OneDrive - CRUK Cambridge Institute\Python Scripts\kits21\kits21\data\case_00000\aggregated_MAJ_seg.nii.gz
160,250,C:\Users\mcgoug01\OneDrive - CRUK Cambridge Institute\Python Scripts\kits21\kits21\data\case_00000\imaging.nii.gz,C:\Users\mcgoug01\OneDrive - CRUK Cambridge Institute\Python Scripts\kits21\kits21\data\case_00000\aggregated_MAJ_seg.nii.gz
161,251,C:\Users\mcgoug01\OneDrive - CRUK Cambridge Institute\Python Scripts\kits21\kits21\data\case_00000\imaging.nii.gz,C:\Users\mcgoug01\OneDrive - CRUK Cambridge Institute\Python Scripts\kits21\kits21\data\case_00000\aggregated_MAJ_seg.nii.gz
162,252,C:\Users\mcgoug01\OneDrive - CRUK Cambridge Institute\Python Scripts\kits21\kits21\data\case_00000\imaging.nii.gz,C:\Users\mcgoug01\OneDrive - CRUK Cambridge Institute\Python Scripts\kits21\kits21\data\case_00000\aggregated_MAJ_seg.nii.gz
163,253,C:\Users\mcgoug01\OneDrive - CRUK Cambridge Institute\Python Scripts\kits21\kits21\data\case_00000\imaging.nii.gz,C:\Users\mcgoug01\OneDrive - CRUK Cambridge Institute\Python Scripts\kits21\kits21\data\case_00000\aggregated_MAJ_seg.nii.gz
164,254,C:\Users\mcgoug01\OneDrive - CRUK Cambridge Institute\Python Scripts\kits21\kits21\data\case_00000\imaging.nii.gz,C:\Users\mcgoug01\OneDrive - CRUK Cambridge Institute\Python Scripts\kits21\kits21\data\case_00000\aggregated_MAJ_seg.nii.gz
165,255,C:\Users\mcgoug01\OneDrive - CRUK Cambridge Institute\Python Scripts\kits21\kits21\data\case_00000\imaging.nii.gz,C:\Users\mcgoug01\OneDrive - CRUK Cambridge Institute\Python Scripts\kits21\kits21\data\case_00000\aggregated_MAJ_seg.nii.gz
166,256,C:\Users\mcgoug01\OneDrive - CRUK Cambridge Institute\Python Scripts\kits21\kits21\data\case_00000\imaging.nii.gz,C:\Users\mcgoug01\OneDrive - CRUK Cambridge Institute\Python Scripts\kits21\kits21\data\case_00000\aggregated_MAJ_seg.nii.gz
167,257,C:\Users\mcgoug01\OneDrive - CRUK Cambridge Institute\Python Scripts\kits21\kits21\data\case_00000\imaging.nii.gz,C:\Users\mcgoug01\OneDrive - CRUK Cambridge Institute\Python Scripts\kits21\kits21\data\case_00000\aggregated_MAJ_seg.nii.gz
168,258,C:\Users\mcgoug01\OneDrive - CRUK Cambridge Institute\Python Scripts\kits21\kits21\data\case_00000\imaging.nii.gz,C:\Users\mcgoug01\OneDrive - CRUK Cambridge Institute\Python Scripts\kits21\kits21\data\case_00000\aggregated_MAJ_seg.nii.gz
169,259,C:\Users\mcgoug01\OneDrive - CRUK Cambridge Institute\Python Scripts\kits21\kits21\data\case_00000\imaging.nii.gz,C:\Users\mcgoug01\OneDrive - CRUK Cambridge Institute\Python Scripts\kits21\kits21\data\case_00000\aggregated_MAJ_seg.nii.gz
170,260,C:\Users\mcgoug01\OneDrive - CRUK Cambridge Institute\Python Scripts\kits21\kits21\data\case_00000\imaging.nii.gz,C:\Users\mcgoug01\OneDrive - CRUK Cambridge Institute\Python Scripts\kits21\kits21\data\case_00000\aggregated_MAJ_seg.nii.gz
171,261,C:\Users\mcgoug01\OneDrive - CRUK Cambridge Institute\Python Scripts\kits21\kits21\data\case_00000\imaging.nii.gz,C:\Users\mcgoug01\OneDrive - CRUK Cambridge Institute\Python Scripts\kits21\kits21\data\case_00000\aggregated_MAJ_seg.nii.gz
172,262,C:\Users\mcgoug01\OneDrive - CRUK Cambridge Institute\Python Scripts\kits21\kits21\data\case_00000\imaging.nii.gz,C:\Users\mcgoug01\OneDrive - CRUK Cambridge Institute\Python Scripts\kits21\kits21\data\case_00000\aggregated_MAJ_seg.nii.gz
173,263,C:\Users\mcgoug01\OneDrive - CRUK Cambridge Institute\Python Scripts\kits21\kits21\data\case_00000\imaging.nii.gz,C:\Users\mcgoug01\OneDrive - CRUK Cambridge Institute\Python Scripts\kits21\kits21\data\case_00000\aggregated_MAJ_seg.nii.gz
174,264,C:\Users\mcgoug01\OneDrive - CRUK Cambridge Institute\Python Scripts\kits21\kits21\data\case_00000\imaging.nii.gz,C:\Users\mcgoug01\OneDrive - CRUK Cambridge Institute\Python Scripts\kits21\kits21\data\case_00000\aggregated_MAJ_seg.nii.gz
175,265,C:\Users\mcgoug01\OneDrive - CRUK Cambridge Institute\Python Scripts\kits21\kits21\data\case_00000\imaging.nii.gz,C:\Users\mcgoug01\OneDrive - CRUK Cambridge Institute\Python Scripts\kits21\kits21\data\case_00000\aggregated_MAJ_seg.nii.gz
176,266,C:\Users\mcgoug01\OneDrive - CRUK Cambridge Institute\Python Scripts\kits21\kits21\data\case_00000\imaging.nii.gz,C:\Users\mcgoug01\OneDrive - CRUK Cambridge Institute\Python Scripts\kits21\kits21\data\case_00000\aggregated_MAJ_seg.nii.gz
177,267,C:\Users\mcgoug01\OneDrive - CRUK Cambridge Institute\Python Scripts\kits21\kits21\data\case_00000\imaging.nii.gz,C:\Users\mcgoug01\OneDrive - CRUK Cambridge Institute\Python Scripts\kits21\kits21\data\case_00000\aggregated_MAJ_seg.nii.gz
178,268,C:\Users\mcgoug01\OneDrive - CRUK Cambridge Institute\Python Scripts\kits21\kits21\data\case_00000\imaging.nii.gz,C:\Users\mcgoug01\OneDrive - CRUK Cambridge Institute\Python Scripts\kits21\kits21\data\case_00000\aggregated_MAJ_seg.nii.gz
179,269,C:\Users\mcgoug01\OneDrive - CRUK Cambridge Institute\Python Scripts\kits21\kits21\data\case_00000\imaging.nii.gz,C:\Users\mcgoug01\OneDrive - CRUK Cambridge Institute\Python Scripts\kits21\kits21\data\case_00000\aggregated_MAJ_seg.nii.gz
180,270,C:\Users\mcgoug01\OneDrive - CRUK Cambridge Institute\Python Scripts\kits21\kits21\data\case_00000\imaging.nii.gz,C:\Users\mcgoug01\OneDrive - CRUK Cambridge Institute\Python Scripts\kits21\kits21\data\case_00000\aggregated_MAJ_seg.nii.gz
181,271,C:\Users\mcgoug01\OneDrive - CRUK Cambridge Institute\Python Scripts\kits21\kits21\data\case_00000\imaging.nii.gz,C:\Users\mcgoug01\OneDrive - CRUK Cambridge Institute\Python Scripts\kits21\kits21\data\case_00000\aggregated_MAJ_seg.nii.gz
182,272,C:\Users\mcgoug01\OneDrive - CRUK Cambridge Institute\Python Scripts\kits21\kits21\data\case_00000\imaging.nii.gz,C:\Users\mcgoug01\OneDrive - CRUK Cambridge Institute\Python Scripts\kits21\kits21\data\case_00000\aggregated_MAJ_seg.nii.gz
183,273,C:\Users\mcgoug01\OneDrive - CRUK Cambridge Institute\Python Scripts\kits21\kits21\data\case_00000\imaging.nii.gz,C:\Users\mcgoug01\OneDrive - CRUK Cambridge Institute\Python Scripts\kits21\kits21\data\case_00000\aggregated_MAJ_seg.nii.gz
184,274,C:\Users\mcgoug01\OneDrive - CRUK Cambridge Institute\Python Scripts\kits21\kits21\data\case_00000\imaging.nii.gz,C:\Users\mcgoug01\OneDrive - CRUK Cambridge Institute\Python Scripts\kits21\kits21\data\case_00000\aggregated_MAJ_seg.nii.gz
185,275,C:\Users\mcgoug01\OneDrive - CRUK Cambridge Institute\Python Scripts\kits21\kits21\data\case_00000\imaging.nii.gz,C:\Users\mcgoug01\OneDrive - CRUK Cambridge Institute\Python Scripts\kits21\kits21\data\case_00000\aggregated_MAJ_seg.nii.gz
186,276,C:\Users\mcgoug01\OneDrive - CRUK Cambridge Institute\Python Scripts\kits21\kits21\data\case_00000\imaging.nii.gz,C:\Users\mcgoug01\OneDrive - CRUK Cambridge Institute\Python Scripts\kits21\kits21\data\case_00000\aggregated_MAJ_seg.nii.gz
187,277,C:\Users\mcgoug01\OneDrive - CRUK Cambridge Institute\Python Scripts\kits21\kits21\data\case_00000\imaging.nii.gz,C:\Users\mcgoug01\OneDrive - CRUK Cambridge Institute\Python Scripts\kits21\kits21\data\case_00000\aggregated_MAJ_seg.nii.gz
188,278,C:\Users\mcgoug01\OneDrive - CRUK Cambridge Institute\Python Scripts\kits21\kits21\data\case_00000\imaging.nii.gz,C:\Users\mcgoug01\OneDrive - CRUK Cambridge Institute\Python Scripts\kits21\kits21\data\case_00000\aggregated_MAJ_seg.nii.gz
189,279,C:\Users\mcgoug01\OneDrive - CRUK Cambridge Institute\Python Scripts\kits21\kits21\data\case_00000\imaging.nii.gz,C:\Users\mcgoug01\OneDrive - CRUK Cambridge Institute\Python Scripts\kits21\kits21\data\case_00000\aggregated_MAJ_seg.nii.gz
190,280,C:\Users\mcgoug01\OneDrive - CRUK Cambridge Institute\Python Scripts\kits21\kits21\data\case_00000\imaging.nii.gz,C:\Users\mcgoug01\OneDrive - CRUK Cambridge Institute\Python Scripts\kits21\kits21\data\case_00000\aggregated_MAJ_seg.nii.gz
191,281,C:\Users\mcgoug01\OneDrive - CRUK Cambridge Institute\Python Scripts\kits21\kits21\data\case_00000\imaging.nii.gz,C:\Users\mcgoug01\OneDrive - CRUK Cambridge Institute\Python Scripts\kits21\kits21\data\case_00000\aggregated_MAJ_seg.nii.gz
192,282,C:\Users\mcgoug01\OneDrive - CRUK Cambridge Institute\Python Scripts\kits21\kits21\data\case_00000\imaging.nii.gz,C:\Users\mcgoug01\OneDrive - CRUK Cambridge Institute\Python Scripts\kits21\kits21\data\case_00000\aggregated_MAJ_seg.nii.gz
193,283,C:\Users\mcgoug01\OneDrive - CRUK Cambridge Institute\Python Scripts\kits21\kits21\data\case_00000\imaging.nii.gz,C:\Users\mcgoug01\OneDrive - CRUK Cambridge Institute\Python Scripts\kits21\kits21\data\case_00000\aggregated_MAJ_seg.nii.gz
194,284,C:\Users\mcgoug01\OneDrive - CRUK Cambridge Institute\Python Scripts\kits21\kits21\data\case_00000\imaging.nii.gz,C:\Users\mcgoug01\OneDrive - CRUK Cambridge Institute\Python Scripts\kits21\kits21\data\case_00000\aggregated_MAJ_seg.nii.gz
195,285,C:\Users\mcgoug01\OneDrive - CRUK Cambridge Institute\Python Scripts\kits21\kits21\data\case_00000\imaging.nii.gz,C:\Users\mcgoug01\OneDrive - CRUK Cambridge Institute\Python Scripts\kits21\kits21\data\case_00000\aggregated_MAJ_seg.nii.gz
196,286,C:\Users\mcgoug01\OneDrive - CRUK Cambridge Institute\Python Scripts\kits21\kits21\data\case_00000\imaging.nii.gz,C:\Users\mcgoug01\OneDrive - CRUK Cambridge Institute\Python Scripts\kits21\kits21\data\case_00000\aggregated_MAJ_seg.nii.gz
197,287,C:\Users\mcgoug01\OneDrive - CRUK Cambridge Institute\Python Scripts\kits21\kits21\data\case_00000\imaging.nii.gz,C:\Users\mcgoug01\OneDrive - CRUK Cambridge Institute\Python Scripts\kits21\kits21\data\case_00000\aggregated_MAJ_seg.nii.gz
198,288,C:\Users\mcgoug01\OneDrive - CRUK Cambridge Institute\Python Scripts\kits21\kits21\data\case_00000\imaging.nii.gz,C:\Users\mcgoug01\OneDrive - CRUK Cambridge Institute\Python Scripts\kits21\kits21\data\case_00000\aggregated_MAJ_seg.nii.gz
199,289,C:\Users\mcgoug01\OneDrive - CRUK Cambridge Institute\Python Scripts\kits21\kits21\data\case_00000\imaging.nii.gz,C:\Users\mcgoug01\OneDrive - CRUK Cambridge Institute\Python Scripts\kits21\kits21\data\case_00000\aggregated_MAJ_seg.nii.gz
200,290,C:\Users\mcgoug01\OneDrive - CRUK Cambridge Institute\Python Scripts\kits21\kits21\data\case_00000\imaging.nii.gz,C:\Users\mcgoug01\OneDrive - CRUK Cambridge Institute\Python Scripts\kits21\kits21\data\case_00000\aggregated_MAJ_seg.nii.gz
201,291,C:\Users\mcgoug01\OneDrive - CRUK Cambridge Institute\Python Scripts\kits21\kits21\data\case_00000\imaging.nii.gz,C:\Users\mcgoug01\OneDrive - CRUK Cambridge Institute\Python Scripts\kits21\kits21\data\case_00000\aggregated_MAJ_seg.nii.gz
202,292,C:\Users\mcgoug01\OneDrive - CRUK Cambridge Institute\Python Scripts\kits21\kits21\data\case_00000\imaging.nii.gz,C:\Users\mcgoug01\OneDrive - CRUK Cambridge Institute\Python Scripts\kits21\kits21\data\case_00000\aggregated_MAJ_seg.nii.gz
203,293,C:\Users\mcgoug01\OneDrive - CRUK Cambridge Institute\Python Scripts\kits21\kits21\data\case_00000\imaging.nii.gz,C:\Users\mcgoug01\OneDrive - CRUK Cambridge Institute\Python Scripts\kits21\kits21\data\case_00000\aggregated_MAJ_seg.nii.gz
204,294,C:\Users\mcgoug01\OneDrive - CRUK Cambridge Institute\Python Scripts\kits21\kits21\data\case_00000\imaging.nii.gz,C:\Users\mcgoug01\OneDrive - CRUK Cambridge Institute\Python Scripts\kits21\kits21\data\case_00000\aggregated_MAJ_seg.nii.gz
205,295,C:\Users\mcgoug01\OneDrive - CRUK Cambridge Institute\Python Scripts\kits21\kits21\data\case_00000\imaging.nii.gz,C:\Users\mcgoug01\OneDrive - CRUK Cambridge Institute\Python Scripts\kits21\kits21\data\case_00000\aggregated_MAJ_seg.nii.gz
206,296,C:\Users\mcgoug01\OneDrive - CRUK Cambridge Institute\Python Scripts\kits21\kits21\data\case_00000\imaging.nii.gz,C:\Users\mcgoug01\OneDrive - CRUK Cambridge Institute\Python Scripts\kits21\kits21\data\case_00000\aggregated_MAJ_seg.nii.gz
207,297,C:\Users\mcgoug01\OneDrive - CRUK Cambridge Institute\Python Scripts\kits21\kits21\data\case_00000\imaging.nii.gz,C:\Users\mcgoug01\OneDrive - CRUK Cambridge Institute\Python Scripts\kits21\kits21\data\case_00000\aggregated_MAJ_seg.nii.gz
208,298,C:\Users\mcgoug01\OneDrive - CRUK Cambridge Institute\Python Scripts\kits21\kits21\data\case_00000\imaging.nii.gz,C:\Users\mcgoug01\OneDrive - CRUK Cambridge Institute\Python Scripts\kits21\kits21\data\case_00000\aggregated_MAJ_seg.nii.gz
209,299,C:\Users\mcgoug01\OneDrive - CRUK Cambridge Institute\Python Scripts\kits21\kits21\data\case_00000\imaging.nii.gz,C:\Users\mcgoug01\OneDrive - CRUK Cambridge Institute\Python Scripts\kits21\kits21\data\case_00000\aggregated_MAJ_seg.nii.gz
210,300,C:\Users\mcgoug01\OneDrive - CRUK Cambridge Institute\Python Scripts\kits21\kits21\data\case_00000\imaging.nii.gz,C:\Users\mcgoug01\OneDrive - CRUK Cambridge Institute\Python Scripts\kits21\kits21\data\case_00000\aggregated_MAJ_seg.nii.gz
211,301,C:\Users\mcgoug01\OneDrive - CRUK Cambridge Institute\Python Scripts\kits21\kits21\data\case_00000\imaging.nii.gz,C:\Users\mcgoug01\OneDrive - CRUK Cambridge Institute\Python Scripts\kits21\kits21\data\case_00000\aggregated_MAJ_seg.nii.gz
212,302,C:\Users\mcgoug01\OneDrive - CRUK Cambridge Institute\Python Scripts\kits21\kits21\data\case_00000\imaging.nii.gz,C:\Users\mcgoug01\OneDrive - CRUK Cambridge Institute\Python Scripts\kits21\kits21\data\case_00000\aggregated_MAJ_seg.nii.gz
213,303,C:\Users\mcgoug01\OneDrive - CRUK Cambridge Institute\Python Scripts\kits21\kits21\data\case_00000\imaging.nii.gz,C:\Users\mcgoug01\OneDrive - CRUK Cambridge Institute\Python Scripts\kits21\kits21\data\case_00000\aggregated_MAJ_seg.nii.gz
214,304,C:\Users\mcgoug01\OneDrive - CRUK Cambridge Institute\Python Scripts\kits21\kits21\data\case_00000\imaging.nii.gz,C:\Users\mcgoug01\OneDrive - CRUK Cambridge Institute\Python Scripts\kits21\kits21\data\case_00000\aggregated_MAJ_seg.nii.gz
215,305,C:\Users\mcgoug01\OneDrive - CRUK Cambridge Institute\Python Scripts\kits21\kits21\data\case_00000\imaging.nii.gz,C:\Users\mcgoug01\OneDrive - CRUK Cambridge Institute\Python Scripts\kits21\kits21\data\case_00000\aggregated_MAJ_seg.nii.gz
216,306,C:\Users\mcgoug01\OneDrive - CRUK Cambridge Institute\Python Scripts\kits21\kits21\data\case_00000\imaging.nii.gz,C:\Users\mcgoug01\OneDrive - CRUK Cambridge Institute\Python Scripts\kits21\kits21\data\case_00000\aggregated_MAJ_seg.nii.gz
217,307,C:\Users\mcgoug01\OneDrive - CRUK Cambridge Institute\Python Scripts\kits21\kits21\data\case_00000\imaging.nii.gz,C:\Users\mcgoug01\OneDrive - CRUK Cambridge Institute\Python Scripts\kits21\kits21\data\case_00000\aggregated_MAJ_seg.nii.gz
218,308,C:\Users\mcgoug01\OneDrive - CRUK Cambridge Institute\Python Scripts\kits21\kits21\data\case_00000\imaging.nii.gz,C:\Users\mcgoug01\OneDrive - CRUK Cambridge Institute\Python Scripts\kits21\kits21\data\case_00000\aggregated_MAJ_seg.nii.gz
219,309,C:\Users\mcgoug01\OneDrive - CRUK Cambridge Institute\Python Scripts\kits21\kits21\data\case_00000\imaging.nii.gz,C:\Users\mcgoug01\OneDrive - CRUK Cambridge Institute\Python Scripts\kits21\kits21\data\case_00000\aggregated_MAJ_seg.nii.gz
220,310,C:\Users\mcgoug01\OneDrive - CRUK Cambridge Institute\Python Scripts\kits21\kits21\data\case_00000\imaging.nii.gz,C:\Users\mcgoug01\OneDrive - CRUK Cambridge Institute\Python Scripts\kits21\kits21\data\case_00000\aggregated_MAJ_seg.nii.gz
221,311,C:\Users\mcgoug01\OneDrive - CRUK Cambridge Institute\Python Scripts\kits21\kits21\data\case_00000\imaging.nii.gz,C:\Users\mcgoug01\OneDrive - CRUK Cambridge Institute\Python Scripts\kits21\kits21\data\case_00000\aggregated_MAJ_seg.nii.gz
222,312,C:\Users\mcgoug01\OneDrive - CRUK Cambridge Institute\Python Scripts\kits21\kits21\data\case_00000\imaging.nii.gz,C:\Users\mcgoug01\OneDrive - CRUK Cambridge Institute\Python Scripts\kits21\kits21\data\case_00000\aggregated_MAJ_seg.nii.gz
223,313,C:\Users\mcgoug01\OneDrive - CRUK Cambridge Institute\Python Scripts\kits21\kits21\data\case_00000\imaging.nii.gz,C:\Users\mcgoug01\OneDrive - CRUK Cambridge Institute\Python Scripts\kits21\kits21\data\case_00000\aggregated_MAJ_seg.nii.gz
224,314,C:\Users\mcgoug01\OneDrive - CRUK Cambridge Institute\Python Scripts\kits21\kits21\data\case_00000\imaging.nii.gz,C:\Users\mcgoug01\OneDrive - CRUK Cambridge Institute\Python Scripts\kits21\kits21\data\case_00000\aggregated_MAJ_seg.nii.gz
225,315,C:\Users\mcgoug01\OneDrive - CRUK Cambridge Institute\Python Scripts\kits21\kits21\data\case_00000\imaging.nii.gz,C:\Users\mcgoug01\OneDrive - CRUK Cambridge Institute\Python Scripts\kits21\kits21\data\case_00000\aggregated_MAJ_seg.nii.gz
226,316,C:\Users\mcgoug01\OneDrive - CRUK Cambridge Institute\Python Scripts\kits21\kits21\data\case_00000\imaging.nii.gz,C:\Users\mcgoug01\OneDrive - CRUK Cambridge Institute\Python Scripts\kits21\kits21\data\case_00000\aggregated_MAJ_seg.nii.gz
227,317,C:\Users\mcgoug01\OneDrive - CRUK Cambridge Institute\Python Scripts\kits21\kits21\data\case_00000\imaging.nii.gz,C:\Users\mcgoug01\OneDrive - CRUK Cambridge Institute\Python Scripts\kits21\kits21\data\case_00000\aggregated_MAJ_seg.nii.gz
228,318,C:\Users\mcgoug01\OneDrive - CRUK Cambridge Institute\Python Scripts\kits21\kits21\data\case_00000\imaging.nii.gz,C:\Users\mcgoug01\OneDrive - CRUK Cambridge Institute\Python Scripts\kits21\kits21\data\case_00000\aggregated_MAJ_seg.nii.gz
229,319,C:\Users\mcgoug01\OneDrive - CRUK Cambridge Institute\Python Scripts\kits21\kits21\data\case_00000\imaging.nii.gz,C:\Users\mcgoug01\OneDrive - CRUK Cambridge Institute\Python Scripts\kits21\kits21\data\case_00000\aggregated_MAJ_seg.nii.gz
230,320,C:\Users\mcgoug01\OneDrive - CRUK Cambridge Institute\Python Scripts\kits21\kits21\data\case_00000\imaging.nii.gz,C:\Users\mcgoug01\OneDrive - CRUK Cambridge Institute\Python Scripts\kits21\kits21\data\case_00000\aggregated_MAJ_seg.nii.gz
231,321,C:\Users\mcgoug01\OneDrive - CRUK Cambridge Institute\Python Scripts\kits21\kits21\data\case_00000\imaging.nii.gz,C:\Users\mcgoug01\OneDrive - CRUK Cambridge Institute\Python Scripts\kits21\kits21\data\case_00000\aggregated_MAJ_seg.nii.gz
232,322,C:\Users\mcgoug01\OneDrive - CRUK Cambridge Institute\Python Scripts\kits21\kits21\data\case_00000\imaging.nii.gz,C:\Users\mcgoug01\OneDrive - CRUK Cambridge Institute\Python Scripts\kits21\kits21\data\case_00000\aggregated_MAJ_seg.nii.gz
233,323,C:\Users\mcgoug01\OneDrive - CRUK Cambridge Institute\Python Scripts\kits21\kits21\data\case_00000\imaging.nii.gz,C:\Users\mcgoug01\OneDrive - CRUK Cambridge Institute\Python Scripts\kits21\kits21\data\case_00000\aggregated_MAJ_seg.nii.gz
234,324,C:\Users\mcgoug01\OneDrive - CRUK Cambridge Institute\Python Scripts\kits21\kits21\data\case_00000\imaging.nii.gz,C:\Users\mcgoug01\OneDrive - CRUK Cambridge Institute\Python Scripts\kits21\kits21\data\case_00000\aggregated_MAJ_seg.nii.gz
235,325,C:\Users\mcgoug01\OneDrive - CRUK Cambridge Institute\Python Scripts\kits21\kits21\data\case_00000\imaging.nii.gz,C:\Users\mcgoug01\OneDrive - CRUK Cambridge Institute\Python Scripts\kits21\kits21\data\case_00000\aggregated_MAJ_seg.nii.gz
236,326,C:\Users\mcgoug01\OneDrive - CRUK Cambridge Institute\Python Scripts\kits21\kits21\data\case_00000\imaging.nii.gz,C:\Users\mcgoug01\OneDrive - CRUK Cambridge Institute\Python Scripts\kits21\kits21\data\case_00000\aggregated_MAJ_seg.nii.gz
237,327,C:\Users\mcgoug01\OneDrive - CRUK Cambridge Institute\Python Scripts\kits21\kits21\data\case_00000\imaging.nii.gz,C:\Users\mcgoug01\OneDrive - CRUK Cambridge Institute\Python Scripts\kits21\kits21\data\case_00000\aggregated_MAJ_seg.nii.gz
238,328,C:\Users\mcgoug01\OneDrive - CRUK Cambridge Institute\Python Scripts\kits21\kits21\data\case_00000\imaging.nii.gz,C:\Users\mcgoug01\OneDrive - CRUK Cambridge Institute\Python Scripts\kits21\kits21\data\case_00000\aggregated_MAJ_seg.nii.gz
239,329,C:\Users\mcgoug01\OneDrive - CRUK Cambridge Institute\Python Scripts\kits21\kits21\data\case_00000\imaging.nii.gz,C:\Users\mcgoug01\OneDrive - CRUK Cambridge Institute\Python Scripts\kits21\kits21\data\case_00000\aggregated_MAJ_seg.nii.gz
240,330,C:\Users\mcgoug01\OneDrive - CRUK Cambridge Institute\Python Scripts\kits21\kits21\data\case_00000\imaging.nii.gz,C:\Users\mcgoug01\OneDrive - CRUK Cambridge Institute\Python Scripts\kits21\kits21\data\case_00000\aggregated_MAJ_seg.nii.gz
241,331,C:\Users\mcgoug01\OneDrive - CRUK Cambridge Institute\Python Scripts\kits21\kits21\data\case_00000\imaging.nii.gz,C:\Users\mcgoug01\OneDrive - CRUK Cambridge Institute\Python Scripts\kits21\kits21\data\case_00000\aggregated_MAJ_seg.nii.gz
242,332,C:\Users\mcgoug01\OneDrive - CRUK Cambridge Institute\Python Scripts\kits21\kits21\data\case_00000\imaging.nii.gz,C:\Users\mcgoug01\OneDrive - CRUK Cambridge Institute\Python Scripts\kits21\kits21\data\case_00000\aggregated_MAJ_seg.nii.gz
243,333,C:\Users\mcgoug01\OneDrive - CRUK Cambridge Institute\Python Scripts\kits21\kits21\data\case_00000\imaging.nii.gz,C:\Users\mcgoug01\OneDrive - CRUK Cambridge Institute\Python Scripts\kits21\kits21\data\case_00000\aggregated_MAJ_seg.nii.gz
244,334,C:\Users\mcgoug01\OneDrive - CRUK Cambridge Institute\Python Scripts\kits21\kits21\data\case_00000\imaging.nii.gz,C:\Users\mcgoug01\OneDrive - CRUK Cambridge Institute\Python Scripts\kits21\kits21\data\case_00000\aggregated_MAJ_seg.nii.gz
245,335,C:\Users\mcgoug01\OneDrive - CRUK Cambridge Institute\Python Scripts\kits21\kits21\data\case_00000\imaging.nii.gz,C:\Users\mcgoug01\OneDrive - CRUK Cambridge Institute\Python Scripts\kits21\kits21\data\case_00000\aggregated_MAJ_seg.nii.gz
246,336,C:\Users\mcgoug01\OneDrive - CRUK Cambridge Institute\Python Scripts\kits21\kits21\data\case_00000\imaging.nii.gz,C:\Users\mcgoug01\OneDrive - CRUK Cambridge Institute\Python Scripts\kits21\kits21\data\case_00000\aggregated_MAJ_seg.nii.gz
247,337,C:\Users\mcgoug01\OneDrive - CRUK Cambridge Institute\Python Scripts\kits21\kits21\data\case_00000\imaging.nii.gz,C:\Users\mcgoug01\OneDrive - CRUK Cambridge Institute\Python Scripts\kits21\kits21\data\case_00000\aggregated_MAJ_seg.nii.gz
248,338,C:\Users\mcgoug01\OneDrive - CRUK Cambridge Institute\Python Scripts\kits21\kits21\data\case_00000\imaging.nii.gz,C:\Users\mcgoug01\OneDrive - CRUK Cambridge Institute\Python Scripts\kits21\kits21\data\case_00000\aggregated_MAJ_seg.nii.gz
249,339,C:\Users\mcgoug01\OneDrive - CRUK Cambridge Institute\Python Scripts\kits21\kits21\data\case_00000\imaging.nii.gz,C:\Users\mcgoug01\OneDrive - CRUK Cambridge Institute\Python Scripts\kits21\kits21\data\case_00000\aggregated_MAJ_seg.nii.gz
250,340,C:\Users\mcgoug01\OneDrive - CRUK Cambridge Institute\Python Scripts\kits21\kits21\data\case_00000\imaging.nii.gz,C:\Users\mcgoug01\OneDrive - CRUK Cambridge Institute\Python Scripts\kits21\kits21\data\case_00000\aggregated_MAJ_seg.nii.gz
251,341,C:\Users\mcgoug01\OneDrive - CRUK Cambridge Institute\Python Scripts\kits21\kits21\data\case_00000\imaging.nii.gz,C:\Users\mcgoug01\OneDrive - CRUK Cambridge Institute\Python Scripts\kits21\kits21\data\case_00000\aggregated_MAJ_seg.nii.gz
252,342,C:\Users\mcgoug01\OneDrive - CRUK Cambridge Institute\Python Scripts\kits21\kits21\data\case_00000\imaging.nii.gz,C:\Users\mcgoug01\OneDrive - CRUK Cambridge Institute\Python Scripts\kits21\kits21\data\case_00000\aggregated_MAJ_seg.nii.gz
253,343,C:\Users\mcgoug01\OneDrive - CRUK Cambridge Institute\Python Scripts\kits21\kits21\data\case_00000\imaging.nii.gz,C:\Users\mcgoug01\OneDrive - CRUK Cambridge Institute\Python Scripts\kits21\kits21\data\case_00000\aggregated_MAJ_seg.nii.gz
254,344,C:\Users\mcgoug01\OneDrive - CRUK Cambridge Institute\Python Scripts\kits21\kits21\data\case_00000\imaging.nii.gz,C:\Users\mcgoug01\OneDrive - CRUK Cambridge Institute\Python Scripts\kits21\kits21\data\case_00000\aggregated_MAJ_seg.nii.gz
255,345,C:\Users\mcgoug01\OneDrive - CRUK Cambridge Institute\Python Scripts\kits21\kits21\data\case_00000\imaging.nii.gz,C:\Users\mcgoug01\OneDrive - CRUK Cambridge Institute\Python Scripts\kits21\kits21\data\case_00000\aggregated_MAJ_seg.nii.gz
256,346,C:\Users\mcgoug01\OneDrive - CRUK Cambridge Institute\Python Scripts\kits21\kits21\data\case_00000\imaging.nii.gz,C:\Users\mcgoug01\OneDrive - CRUK Cambridge Institute\Python Scripts\kits21\kits21\data\case_00000\aggregated_MAJ_seg.nii.gz
257,347,C:\Users\mcgoug01\OneDrive - CRUK Cambridge Institute\Python Scripts\kits21\kits21\data\case_00000\imaging.nii.gz,C:\Users\mcgoug01\OneDrive - CRUK Cambridge Institute\Python Scripts\kits21\kits21\data\case_00000\aggregated_MAJ_seg.nii.gz
258,348,C:\Users\mcgoug01\OneDrive - CRUK Cambridge Institute\Python Scripts\kits21\kits21\data\case_00000\imaging.nii.gz,C:\Users\mcgoug01\OneDrive - CRUK Cambridge Institute\Python Scripts\kits21\kits21\data\case_00000\aggregated_MAJ_seg.nii.gz
259,349,C:\Users\mcgoug01\OneDrive - CRUK Cambridge Institute\Python Scripts\kits21\kits21\data\case_00000\imaging.nii.gz,C:\Users\mcgoug01\OneDrive - CRUK Cambridge Institute\Python Scripts\kits21\kits21\data\case_00000\aggregated_MAJ_seg.nii.gz
260,350,C:\Users\mcgoug01\OneDrive - CRUK Cambridge Institute\Python Scripts\kits21\kits21\data\case_00000\imaging.nii.gz,C:\Users\mcgoug01\OneDrive - CRUK Cambridge Institute\Python Scripts\kits21\kits21\data\case_00000\aggregated_MAJ_seg.nii.gz
261,351,C:\Users\mcgoug01\OneDrive - CRUK Cambridge Institute\Python Scripts\kits21\kits21\data\case_00000\imaging.nii.gz,C:\Users\mcgoug01\OneDrive - CRUK Cambridge Institute\Python Scripts\kits21\kits21\data\case_00000\aggregated_MAJ_seg.nii.gz
262,352,C:\Users\mcgoug01\OneDrive - CRUK Cambridge Institute\Python Scripts\kits21\kits21\data\case_00000\imaging.nii.gz,C:\Users\mcgoug01\OneDrive - CRUK Cambridge Institute\Python Scripts\kits21\kits21\data\case_00000\aggregated_MAJ_seg.nii.gz
263,353,C:\Users\mcgoug01\OneDrive - CRUK Cambridge Institute\Python Scripts\kits21\kits21\data\case_00000\imaging.nii.gz,C:\Users\mcgoug01\OneDrive - CRUK Cambridge Institute\Python Scripts\kits21\kits21\data\case_00000\aggregated_MAJ_seg.nii.gz
